Atom,x,y,z
C,-9.241639,0.494267,-0.636956
C,-7.927947,0.911964,-0.034654
O,-7.695970,2.069334,0.301074
N,-7.010188,-0.105029,0.090124
C,-5.657604,0.166284,0.549118
C,-4.789955,0.780443,-0.558554
C,-3.412955,1.167400,-0.063197
N,-2.588327,0.070403,-0.482593
C,-1.274097,-0.240928,0.083600
O,-1.528478,-1.311325,1.001172
C,-0.238008,-0.725489,-0.983648
S,0.898085,0.567924,-1.594864
C,1.646796,1.081554,0.000132
C,3.017760,0.468091,0.104105
C,4.177828,1.104042,0.349731
Br,4.327926,2.939958,0.679192
C,5.377311,0.333621,0.433423
C,5.720013,-0.648620,1.346700
C,7.008686,-1.209521,1.103128
C,7.627507,-0.651606,0.000921
C,8.934942,-0.941647,-0.579433
C,9.762638,-2.000821,0.111215
O,9.388133,-0.381964,-1.579092
S,6.635217,0.543196,-0.721479
C,0.772369,0.757972,1.225476
F,0.975475,-0.530749,1.635419
C,-0.717409,0.924119,0.947597
C,-3.297056,-0.750057,-1.330998
O,-2.930611,-1.794791,-1.840597
O,-4.538453,-0.220220,-1.557988
H,-9.309769,0.887699,-1.654400
H,-10.057306,0.895892,-0.029504
H,-9.342295,-0.594000,-0.668799
H,-7.160968,-0.961356,-0.430463
H,-5.249813,-0.792432,0.887135
H,-5.717104,0.844700,1.407431
H,-5.290541,1.634868,-1.026035
H,-3.382478,1.314866,1.019834
H,-3.050205,2.070350,-0.565226
H,-0.671866,-1.564378,1.395125
H,0.381108,-1.533276,-0.575744
H,-0.712426,-1.149463,-1.869121
H,1.704588,2.170748,-0.085575
H,3.044319,-0.613664,-0.034928
H,5.072822,-0.949708,2.162965
H,7.446423,-1.987416,1.717347
H,9.237911,-2.960048,0.092833
H,9.973760,-1.700789,1.141486
H,10.715498,-2.119951,-0.413622
H,1.071612,1.402692,2.059935
H,-0.884934,1.900028,0.476314
H,-1.240327,0.936832,1.912794
