Atom,x,y,z
C,-2.170699,4.785780,1.059436
O,-1.563005,4.185996,-0.085124
C,-1.253613,2.869699,0.081666
O,-1.436725,2.221501,1.107963
C,-0.645313,2.293170,-1.201053
C,-1.664751,2.219326,-2.349027
S,-3.391254,1.692976,-1.985162
C,-3.225813,-0.101103,-1.666971
C,-3.497280,-0.515183,-0.194083
C,-4.987160,-0.493168,0.224393
N,-5.653081,0.775878,0.054440
O,-5.700059,-1.464506,-0.514235
C,-5.299925,-2.801255,-0.244315
O,-6.350957,-3.480773,0.415324
C,-4.003713,-2.929797,0.551957
C,-2.945897,-1.960539,0.018923
C,-1.755099,-1.906376,0.957850
O,-1.750042,-2.245945,2.129111
O,-0.692235,-1.383906,0.286298
C,0.485964,-1.133237,1.081889
C,1.561482,-0.533481,0.168564
N,2.857170,-0.488439,0.829909
C,4.000418,-0.735997,0.130958
O,4.044996,-1.272213,-0.963919
O,5.051405,-0.283917,0.848724
C,6.402596,-0.390017,0.331797
C,7.288458,0.229279,1.423705
C,6.813785,-1.854048,0.140721
C,6.570676,0.424888,-0.955437
C,1.171551,0.900811,-0.264873
O,1.878802,1.883972,-0.057117
N,-0.044192,0.986179,-0.921153
H,-2.383228,5.831445,0.821012
H,-3.114847,4.285973,1.297808
H,-1.488877,4.756939,1.915029
H,0.176678,2.955707,-1.500296
H,-1.773392,3.230121,-2.760115
H,-1.282956,1.596442,-3.165904
H,-2.230356,-0.416035,-1.991578
H,-3.935017,-0.610570,-2.328984
H,-2.956527,0.180359,0.459582
H,-5.073478,-0.723409,1.293551
H,-6.655149,0.589490,0.058439
H,-5.455517,1.136241,-0.880345
H,-5.172412,-3.287506,-1.217224
H,-6.427449,-3.090803,1.300993
H,-4.199841,-2.744879,1.616786
H,-3.641497,-3.965136,0.514986
H,-2.583878,-2.385808,-0.927383
H,0.836191,-2.082593,1.504117
H,0.235072,-0.443011,1.896496
H,1.634382,-1.127247,-0.751077
H,2.993006,0.202620,1.558119
H,6.999557,1.268870,1.617136
H,8.348063,0.210331,1.147703
H,7.168509,-0.306158,2.372737
H,6.261253,-2.331356,-0.673880
H,6.606472,-2.437062,1.044876
H,7.880447,-1.940931,-0.092715
H,6.013246,-0.010300,-1.790204
H,7.622067,0.480543,-1.257350
H,6.191747,1.444364,-0.822371
H,-0.688759,0.237806,-0.701105
