Atom,x,y,z
C,-6.773013,2.296707,-0.434364
N,-5.434876,1.800697,-0.257968
C,-4.451518,2.069262,-1.179857
O,-4.623668,2.828602,-2.126942
C,-3.140815,1.374337,-0.967830
C,-3.021446,0.192749,-0.328937
O,-4.131484,-0.450880,0.217951
C,-1.715143,-0.600656,-0.177769
N,-2.125152,-2.013566,0.056449
C,-2.250025,-2.850493,-1.134952
C,-1.363703,-2.671727,1.117916
C,-0.778810,-0.279500,-1.375517
C,0.596422,-0.986326,-1.328202
O,1.005459,-1.205905,-2.693351
C,1.758461,-0.244460,-0.607170
C,1.284251,0.970587,0.166095
C,0.273238,1.732093,-0.293443
O,-0.064646,2.928915,0.321475
C,-0.569945,1.240312,-1.459680
O,0.153477,1.542327,-2.662723
C,-1.898716,2.007973,-1.494301
O,-1.862002,3.190093,-1.856031
S,2.034034,1.439581,1.719707
O,1.414215,0.509727,2.723758
C,3.696954,0.782922,1.477955
C,4.795601,1.488252,1.995286
O,4.664933,2.611026,2.768853
C,6.096347,1.071384,1.741548
C,6.311975,-0.077807,0.991948
C,5.227737,-0.811563,0.502825
C,3.901035,-0.402685,0.737269
C,2.684233,-1.192859,0.225595
C,3.072326,-2.467394,-0.548356
O,0.037898,0.396075,0.000000
H,-7.343131,2.089856,0.472481
H,-7.230721,1.787549,-1.286280
H,-6.747270,3.372605,-0.623207
H,-5.289450,0.991555,0.342911
H,-3.793910,-1.346632,0.464340
H,-1.266301,-0.231320,0.753574
H,-2.886261,-2.368348,-1.884666
H,-2.742575,-3.795146,-0.878465
H,-1.290206,-3.093429,-1.597977
H,-1.423255,-2.092021,2.047301
H,-0.309605,-2.812520,0.869365
H,-1.793590,-3.654396,1.342725
H,-1.280984,-0.592239,-2.304309
H,0.468817,-1.982094,-0.912564
H,1.020176,-0.330344,-3.133322
H,2.415608,0.166795,-1.391301
H,-0.546153,3.514105,-0.304029
H,0.015605,2.500524,-2.827577
H,3.884231,2.492570,3.338923
H,6.936985,1.635588,2.135267
H,7.327549,-0.410955,0.790818
H,5.454531,-1.704079,-0.074075
H,2.133936,-1.538298,1.111458
H,2.205710,-3.086511,-0.793356
H,3.587738,-2.225697,-1.484430
H,3.726790,-3.108844,0.052519
H,-0.779353,-0.125339,0.000000
H,0.741455,-0.270737,0.000000
