Atom,x,y,z
C,1.969760,0.211551,0.310847
C,0.926934,-0.314585,-0.348320
O,1.074503,-1.499152,-1.051280
C,-0.468770,0.294372,-0.445904
N,-0.562885,1.642079,0.149211
C,-1.550325,-0.658292,0.115230
Cl,-1.504346,-0.781865,1.901043
H,2.943442,-0.263388,0.333066
H,1.880608,1.151255,0.847435
H,1.995854,-1.799129,-0.959620
H,-0.670565,0.418156,-1.518091
H,-1.479135,2.033152,-0.063846
H,-0.555235,1.526851,1.165299
H,-2.547984,-0.290126,-0.146586
H,-1.451855,-1.670880,-0.288484
