Atom,x,y,z
C,6.893834,0.552168,-4.038372
C,5.479150,0.694795,-3.468890
C,4.472495,0.780057,-4.616451
C,5.189888,-0.461555,-2.494645
N,3.968747,-0.238764,-1.725275
C,2.759025,-0.861529,-2.070343
C,1.606822,-0.570782,-1.279831
C,0.304458,-1.130477,-1.479143
N,-0.734438,-0.717160,-0.577761
S,-0.969099,-1.752380,0.759873
O,0.260297,-2.428871,1.105753
O,-2.192433,-2.478279,0.484323
C,-1.308564,-0.558241,2.030228
C,-0.245797,-0.000497,2.743154
C,-0.512167,0.920698,3.752157
C,-1.831348,1.278066,4.046159
C,-2.907713,0.718454,3.339170
C,-4.346437,1.091684,3.650714
C,-4.761782,0.664238,5.065353
C,-6.193008,1.102293,5.347280
O,-6.334006,2.512188,5.165850
C,-6.058883,2.917677,3.826908
C,-4.619379,2.590756,3.451966
C,-2.632862,-0.215610,2.328741
C,0.006179,-2.089206,-2.458770
C,1.136571,-2.391606,-3.207994
C,1.194220,-3.279864,-4.235744
Cl,0.080798,-4.295152,-5.005323
N,2.477561,-3.270686,-4.669740
N,3.271256,-2.408870,-4.006270
C,2.477018,-1.841598,-3.069003
H,6.991619,-0.358909,-4.637118
H,7.636874,0.511222,-3.236527
H,7.143697,1.404932,-4.677003
H,5.437270,1.641668,-2.913980
H,4.462259,-0.141345,-5.206849
H,4.726907,1.603782,-5.292958
H,3.461261,0.968187,-4.245561
H,5.230819,-1.434703,-2.987822
H,6.003913,-0.488269,-1.759162
H,3.833858,0.738813,-1.479436
H,1.727206,0.131837,-0.454098
H,-1.637002,-0.672210,-1.055244
H,0.782119,-0.281386,2.521166
H,0.306321,1.360090,4.316889
H,-2.010438,1.997756,4.842838
H,-4.996641,0.553814,2.945272
H,-4.667009,-0.420984,5.189138
H,-4.100247,1.133494,5.804303
H,-6.453253,0.872882,6.384976
H,-6.908018,0.577347,4.701690
H,-6.222968,3.998964,3.765369
H,-6.770478,2.436814,3.144943
H,-3.950136,3.181830,4.091837
H,-4.422277,2.887755,2.415133
H,-3.449308,-0.677377,1.776897
H,-0.967133,-2.539619,-2.592911
H,2.880380,-3.818330,-5.419777
