Atom,x,y,z
C,-7.046781,0.991551,0.712798
C,-5.851174,0.053450,0.781700
C,-5.333654,-0.290142,-0.615585
C,-4.174067,-1.290839,-0.608062
C,-2.901459,-0.734484,0.041954
C,-1.722668,-1.696463,-0.140174
C,-0.420228,-1.387399,0.552267
C,-0.005052,-0.284354,1.201686
C,1.310555,-0.231933,1.966292
C,2.549729,-0.170414,1.067140
C,3.266860,-1.281975,0.764077
C,3.022341,-2.693862,1.214730
C,4.460351,-1.145761,-0.135799
O,5.117303,-2.126099,-0.473281
C,4.833611,0.197605,-0.612918
C,5.955637,0.362544,-1.438126
C,6.315697,1.636020,-1.871192
C,5.558818,2.738526,-1.478909
C,4.439216,2.566024,-0.658621
C,4.057302,1.291133,-0.217564
N,2.919029,1.100386,0.604610
O,2.227215,2.225741,1.052649
O,-0.826404,0.818344,1.355955
N,-0.381622,1.841696,0.418303
H,-6.781326,1.923246,0.205304
H,-7.394413,1.237027,1.721279
H,-7.878830,0.528708,0.171544
H,-6.143049,-0.862767,1.308232
H,-5.063616,0.534811,1.372351
H,-6.153765,-0.720296,-1.205473
H,-5.021998,0.627000,-1.131162
H,-4.483930,-2.208952,-0.091177
H,-3.955636,-1.570409,-1.648308
H,-2.667264,0.231541,-0.416831
H,-3.079184,-0.569251,1.111027
H,-1.510934,-1.804390,-1.211058
H,-2.037006,-2.688106,0.211944
H,0.270481,-2.226512,0.511783
H,1.353092,-1.088929,2.647305
H,1.306544,0.622680,2.655770
H,2.179566,-2.805977,1.897182
H,2.823201,-3.336791,0.350675
H,3.903566,-3.082440,1.737102
H,6.547403,-0.498659,-1.739482
H,7.186355,1.768060,-2.509254
H,5.837970,3.735496,-1.807272
H,3.863182,3.439065,-0.358054
H,1.330926,2.093177,0.664444
H,-0.925416,1.580674,-0.408303
H,-0.876477,2.652699,0.801501
