Atom,x,y,z
C,3.996006,-0.779100,-1.552669
C,2.840038,-0.112006,-0.796584
C,1.943674,0.609851,-1.817674
S,1.818223,-1.444170,-0.009135
C,1.652964,-0.571636,1.608729
C,0.320282,0.186320,1.868083
N,-0.853659,-0.213774,1.050897
C,-1.538648,-1.381374,1.313755
O,-1.259165,-2.085034,2.285242
C,-2.565632,-1.832194,0.239660
N,-1.872419,-2.759459,-0.680145
C,-3.263593,-0.674865,-0.463125
C,-3.073904,-0.380694,-1.823922
C,-3.712507,0.712820,-2.414011
C,-4.549410,1.517969,-1.652818
O,-5.151228,2.573807,-2.270787
C,-4.763780,1.246897,-0.306919
C,-4.125031,0.153070,0.283117
C,1.109375,1.418570,1.363260
O,0.846948,2.520732,0.941808
N,2.292755,0.739517,1.409650
C,3.274232,0.844695,0.336851
C,4.640342,0.518288,0.936405
O,4.883499,-0.242240,1.860226
O,5.649485,1.160967,0.309483
H,4.641348,-0.024737,-2.017290
H,3.629755,-1.426498,-2.358871
H,4.621480,-1.398432,-0.899908
H,2.493173,1.427325,-2.298739
H,1.611086,-0.067549,-2.613770
H,1.047965,1.044889,-1.363536
H,2.054353,-1.118381,2.467067
H,0.053074,0.281112,2.928237
H,-1.088841,0.313324,0.214166
H,-3.344818,-2.406998,0.757392
H,-1.569142,-3.564038,-0.125726
H,-1.001334,-2.323403,-0.987714
H,-2.436420,-1.004789,-2.446808
H,-3.560808,0.930212,-3.467727
H,-5.721825,3.026150,-1.627929
H,-5.419211,1.868351,0.295385
H,-4.301114,-0.049665,1.339173
H,3.299618,1.888343,-0.002396
H,6.452815,0.877830,0.798095
