Atom,x,y,z
C,5.915505,-1.472772,1.201341
O,4.780119,-0.616096,1.233060
N,4.817409,0.213257,0.102080
C,3.786152,1.011211,0.046828
C,2.670963,0.974745,1.089337
O,2.426743,1.963799,1.766296
N,1.975078,-0.210387,1.136202
C,0.798636,-0.401605,2.024746
C,0.165705,-1.831711,1.974508
O,0.552802,-2.937896,2.268197
N,-0.922660,-1.323305,1.365653
C,-2.091252,-1.776093,0.834844
C,-2.536378,-3.254091,1.067699
O,-2.959948,-3.489996,2.235027
O,-2.494258,-3.986053,0.037892
C,-2.859664,-0.953162,0.079406
C,-4.189062,-1.387527,-0.506494
O,-5.178446,-0.434548,-0.079007
C,-6.369028,-0.519846,-0.724606
C,-7.340807,0.444402,-0.114726
O,-6.631006,-1.244902,-1.673377
C,-2.471959,0.459572,-0.303356
S,-0.699765,0.849710,-0.120245
C,-0.594484,0.072286,1.518035
C,3.700863,1.945203,-1.078767
C,2.672801,2.850573,-1.281049
S,2.931441,3.740306,-2.721736
C,4.391800,2.882904,-2.977760
N,5.163014,3.112656,-4.054781
N,4.681659,1.982685,-2.075552
Na,0.000000,0.000000,0.000000
H,6.835767,-0.882184,1.245164
H,5.902977,-2.087098,0.295889
H,5.875880,-2.130027,2.073889
H,2.310754,-0.986092,0.570692
H,1.024135,-0.086489,3.051023
H,-4.519113,-2.373455,-0.171203
H,-4.111495,-1.392646,-1.600437
H,-6.983727,1.467764,-0.253149
H,-7.468666,0.220549,0.947619
H,-8.311332,0.341593,-0.608385
H,-3.045458,1.174570,0.296557
H,-2.715771,0.639057,-1.355780
H,-1.188808,0.572367,2.293036
H,1.796604,3.031802,-0.673271
H,5.814773,2.361557,-4.255694
H,4.691508,3.465411,-4.878044
