Atom,x,y,z
N,-2.507172,1.098676,-0.864601
C,-2.348007,-0.352080,-0.648291
C,-0.924073,-0.725974,-0.154997
O,-0.510368,-1.883166,-0.115221
N,-0.126735,0.327129,0.247929
C,1.219415,0.103149,0.829744
C,2.124653,1.369500,0.901417
O,1.984361,2.509844,1.276455
N,3.108499,0.729443,0.220527
C,4.059060,1.264341,-0.615991
C,4.753122,2.507245,-0.184536
O,5.008017,3.482412,-0.867824
O,5.101125,2.447659,1.115976
C,4.341923,0.665251,-1.789335
Cl,5.590664,1.183098,-2.868541
C,3.534671,-0.507495,-2.292988
C,2.144453,-0.536140,-1.645243
C,2.320536,-0.455259,-0.136629
C,-3.452898,-0.862543,0.257706
C,-3.321961,-0.897830,1.656194
C,-4.371805,-1.352979,2.459277
C,-5.569781,-1.764100,1.878921
C,-5.722984,-1.717704,0.494604
C,-4.673727,-1.267455,-0.310273
H,-1.736610,1.468988,-1.413228
H,-2.582352,1.587724,0.022627
H,-2.438357,-0.835545,-1.629277
H,-0.555475,1.243633,0.321059
H,1.156906,-0.415856,1.793471
H,5.479703,3.333842,1.293891
H,3.405135,-0.453203,-3.380643
H,4.076747,-1.434040,-2.069035
H,1.548779,0.305091,-2.019631
H,1.619696,-1.455327,-1.923959
H,2.782812,-1.369044,0.259676
H,-2.402530,-0.580124,2.142024
H,-4.255703,-1.384610,3.539259
H,-6.385980,-2.115410,2.505197
H,-6.658994,-2.031883,0.039971
H,-4.814765,-1.229259,-1.388979
