Atom,x,y,z
C,-0.369105,-1.763861,-1.290880
O,0.187303,-1.353306,-0.039015
C,0.545835,-0.018204,-0.083278
C,-0.496063,0.964877,-0.122769
N,-1.849200,0.601168,0.014032
C,-2.898480,1.481466,-0.521788
C,-4.306408,0.888247,-0.284327
C,-5.248983,1.254159,-1.429526
C,-4.250805,-0.631274,-0.082400
C,-3.363369,-1.014826,1.119689
N,-4.169991,-1.108289,2.348911
C,-2.184724,-0.021187,1.308623
C,-0.114638,2.300821,-0.290131
C,1.227017,2.667267,-0.333909
C,2.230208,1.700715,-0.196687
C,3.639814,2.174853,-0.156844
O,3.888353,3.365881,-0.312739
C,4.685667,1.178049,0.138810
C,6.108782,1.476341,0.330297
O,6.878044,0.841718,1.033401
O,6.546264,2.508708,-0.404358
C,4.296372,-0.097605,0.258684
N,3.014586,-0.595024,0.085519
C,2.816912,-2.041834,0.333908
C,3.843378,-3.092991,-0.038107
C,2.563645,-3.008931,-0.798084
C,1.923887,0.328063,-0.064811
O,-1.189654,0.417959,-1.817185
C,-1.384012,0.705563,-0.649073
O,-2.153924,1.763309,-0.325001
C,-0.892428,-0.025191,0.564992
C,0.288479,-0.920166,0.216673
O,0.286075,-2.029463,1.128141
C,1.615469,-0.174228,0.326797
O,2.637381,-0.628216,0.823621
O,1.614954,1.050465,-0.227562
H,-0.360359,-2.857699,-1.316463
H,-1.410388,-1.452874,-1.393659
H,0.221243,-1.401496,-2.139943
H,-2.722604,1.620464,-1.595827
H,-2.872255,2.470182,-0.047379
H,-4.714033,1.337154,0.631372
H,-5.305260,2.340836,-1.552864
H,-4.910479,0.820898,-2.376951
H,-6.261342,0.885447,-1.232459
H,-3.844402,-1.101497,-0.987656
H,-5.261580,-1.041688,0.033926
H,-2.950621,-2.012645,0.926523
H,-4.630384,-0.216670,2.526919
H,-4.916961,-1.788056,2.210782
H,-1.348439,-0.554373,1.776341
H,-2.457882,0.777991,2.012058
H,-0.848142,3.097936,-0.351137
H,1.486307,3.719455,-0.438743
H,7.490923,2.604225,-0.170249
H,5.033492,-0.856421,0.509687
H,2.289786,-2.218317,1.269735
H,4.741197,-2.817139,-0.576470
H,3.977689,-3.925496,0.642578
H,1.832584,-3.792214,-0.639371
H,2.597609,-2.623004,-1.808955
H,-2.424364,2.139210,-1.189622
H,-0.612405,0.701889,1.336006
H,-1.728868,-0.618938,0.952085
H,0.224343,-1.342272,-0.791856
H,1.185009,-2.411289,1.107529
H,2.533945,1.371368,-0.110236
