Atom,x,y,z
O,-3.206221,-4.375738,1.522015
C,-3.425057,-3.170985,1.594819
N,-2.743082,-2.320837,2.440405
O,-1.624189,-2.923341,3.073213
C,-2.496105,-0.918217,2.118493
C,-1.438992,-0.737282,1.013721
C,-1.615314,0.607344,0.260159
C,-2.129762,0.440509,-1.179837
C,-2.260158,1.776160,-1.913830
C,-3.611279,2.370373,-1.541619
C,-4.637859,1.273000,-1.755135
S,-3.815443,-0.257164,-1.224608
C,-0.053089,-0.721748,1.655023
O,0.221361,0.101819,2.529929
N,0.916705,-1.551663,1.129396
C,0.663301,-2.732570,0.312264
C,1.943047,-3.482497,0.412280
C,2.808235,-2.863494,1.223013
C,2.246357,-1.582603,1.762928
C,3.190920,-0.412812,1.364927
O,4.285187,-0.269385,1.908204
N,2.709007,0.339775,0.304822
C,3.297437,1.452673,-0.318750
C,2.594432,2.028003,-1.387820
C,3.110982,3.136889,-2.061665
C,4.328951,3.672491,-1.665218
F,4.823039,4.737182,-2.310220
C,5.035799,3.121837,-0.604905
C,4.520471,2.009491,0.068945
H,-4.192502,-2.658721,0.992725
H,-1.769918,-3.879349,2.894463
H,-2.217719,-0.411507,3.049569
H,-3.457574,-0.506407,1.793813
H,-1.515908,-1.557241,0.296113
H,-0.648447,1.124940,0.193202
H,-2.264910,1.281809,0.833499
H,-1.449709,-0.218699,-1.730922
H,-2.220261,1.609750,-2.999423
H,-1.440497,2.461295,-1.668101
H,-3.613989,2.700710,-0.495739
H,-3.843594,3.247603,-2.154719
H,-4.901128,1.180187,-2.813392
H,-5.549639,1.448943,-1.178418
H,-0.171015,-3.310696,0.718675
H,0.450812,-2.418622,-0.713915
H,2.129805,-4.420734,-0.091232
H,3.800121,-3.218713,1.468609
H,2.138712,-1.607433,2.852617
H,1.804013,0.042625,-0.035172
H,1.640193,1.618635,-1.712203
H,2.571803,3.586455,-2.889583
H,5.984696,3.555303,-0.304944
H,5.097971,1.602656,0.893774
