Atom,x,y,z
C,8.392163,0.871427,1.220226
C,7.676297,0.752960,-0.099063
O,8.272217,0.834709,-1.171741
C,6.203035,0.531924,-0.062717
C,5.496405,0.398852,-1.250175
C,4.117738,0.195070,-1.183176
C,3.468669,0.127721,0.056707
C,2.016990,-0.078892,0.168285
C,1.223304,0.753536,0.971965
C,-0.169116,0.564836,1.127670
N,-0.859607,1.587289,1.810964
C,-0.819750,-0.450374,0.382947
N,-2.230027,-0.671056,0.393409
C,-2.905135,-1.471092,-0.586407
C,-4.358594,-1.111730,-0.369829
C,-4.800212,0.074736,-1.226954
N,-6.244257,0.177269,-1.266263
C,-7.057618,0.980079,-0.528450
C,-8.316899,0.663300,-0.977228
N,-8.228053,-0.293305,-1.949230
N,-6.945677,-0.585210,-2.121536
O,-4.396737,-0.744628,1.017592
C,-3.133501,-0.361063,1.397532
O,-2.923300,0.153036,2.484593
C,-0.023993,-1.270084,-0.436204
C,1.356860,-1.091253,-0.526627
F,2.045287,-1.931078,-1.315268
C,4.281315,0.271202,1.184505
N,5.621964,0.473260,1.159904
H,9.460799,1.020990,1.038390
H,8.269267,-0.047259,1.799778
H,8.015453,1.732983,1.777666
H,6.002329,0.451551,-2.209561
H,3.555450,0.093206,-2.109414
H,1.691248,1.595738,1.481539
H,-1.722874,1.246539,2.247509
H,-0.303327,2.058764,2.517265
H,-2.733814,-2.525680,-0.338828
H,-2.563260,-1.268317,-1.606025
H,-4.998392,-1.986629,-0.530784
H,-4.419332,1.027132,-0.840715
H,-4.468592,-0.035656,-2.265858
H,-6.694285,1.667118,0.221280
H,-9.269520,1.061969,-0.659502
H,-0.442091,-2.086929,-1.015250
H,3.861173,0.217054,2.187079
